{
    "In the Name of the Father": {
        "title": "In the Name of the Father",
        "year": 1993,
        "rating": 8.1,
        "poster": "https://m.media-amazon.com/images/M/MV5BMmYyOTgwYWItYmU3Ny00M2E2LTk0NWMtMDVlNmQ0MWZiMTMxXkEyXkFqcGdeQXVyNzkwMjQ5NzM@._V1_SX300.jpg"
    },
    "Titanic": {
        "title": "Titanic",
        "year": 1997,
        "rating": 7.9,
        "poster": "https://m.media-amazon.com/images/M/MV5BMDdmZGU3NDQtY2E5My00ZTliLWIzOTUtMTY4ZGI1YjdiNjk3XkEyXkFqcGdeQXVyNTA4NzY1MzY@._V1_SX300.jpg"
    }
}