{"Pulp Fiction": {"Rating": 8.9, "Year": 1994, "Poster": "https://m.media-amazon.com/images/M/MV5BNGNhMDIzZTUtNTBlZi00MTRlLWFjM2ItYzViMjE3YzI5MjljXkEyXkFqcGdeQXVyNzkwMjQ5NzM@._V1_SX300.jpg"}, "Happy Gilmore": {"Rating": 7.0, "Year": 1996, "Poster": "https://m.media-amazon.com/images/M/MV5BZWI2NjliOTYtZjE1OS00YzAyLWJjYTQtYWNmZTQzMTQzNzVjXkEyXkFqcGdeQXVyMTQxNzMzNDI@._V1_SX300.jpg"}, "12 Years a Slave": {"Rating": 8.1, "Year": 2013, "Poster": "https://m.media-amazon.com/images/M/MV5BMjExMTEzODkyN15BMl5BanBnXkFtZTcwNTU4NTc4OQ@@._V1_SX300.jpg"}, "Avatar": {"Rating": 7.9, "Year": 2009, "Poster": "https://m.media-amazon.com/images/M/MV5BZDA0OGQxNTItMDZkMC00N2UyLTg3MzMtYTJmNjg3Nzk5MzRiXkEyXkFqcGdeQXVyMjUzOTY1NTc@._V1_SX300.jpg"}, "Avatar: The Way of Water": {"Rating": 7.7, "Year": 2022, "Poster": "https://m.media-amazon.com/images/M/MV5BYjhiNjBlODctY2ZiOC00YjVlLWFlNzAtNTVhNzM1YjI1NzMxXkEyXkFqcGdeQXVyMjQxNTE1MDA@._V1_SX300.jpg"}, "The Shawshank Redemption": {"Rating": 9.3, "Year": 1994, "Poster": "https://m.media-amazon.com/images/M/MV5BNDE3ODcxYzMtY2YzZC00NmNlLWJiNDMtZDViZWM2MzIxZDYwXkEyXkFqcGdeQXVyNjAwNDUxODI@._V1_SX300.jpg"}, "The Godfather": {"Rating": 9.2, "Year": 1972, "Poster": "https://m.media-amazon.com/images/M/MV5BM2MyNjYxNmUtYTAwNi00MTYxLWJmNWYtYzZlODY3ZTk3OTFlXkEyXkFqcGdeQXVyNzkwMjQ5NzM@._V1_SX300.jpg"}, "The Godfather Part II": {"Rating": 9.0, "Year": 1974, "Poster": "https://m.media-amazon.com/images/M/MV5BMWMwMGQzZTItY2JlNC00OWZiLWIyMDctNDk2ZDQ2YjRjMWQ0XkEyXkFqcGdeQXVyNzkwMjQ5NzM@._V1_SX300.jpg"}, "12 Angry Men": {"Rating": 9.0, "Year": 1957, "Poster": "https://m.media-amazon.com/images/M/MV5BMWU4N2FjNzYtNTVkNC00NzQ0LTg0MjAtYTJlMjFhNGUxZDFmXkEyXkFqcGdeQXVyNjc1NTYyMjg@._V1_SX300.jpg"}, "Schindler's List": {"Rating": 9.0, "Year": 1993, "Poster": "https://m.media-amazon.com/images/M/MV5BNDE4OTMxMTctNmRhYy00NWE2LTg3YzItYTk3M2UwOTU5Njg4XkEyXkFqcGdeQXVyNjU0OTQ0OTY@._V1_SX300.jpg"}, "The Lord of the Rings: The Return of the King": {"Rating": 9.0, "Year": 2003, "Poster": "https://m.media-amazon.com/images/M/MV5BNzA5ZDNlZWMtM2NhNS00NDJjLTk4NDItYTRmY2EwMWZlMTY3XkEyXkFqcGdeQXVyNzkwMjQ5NzM@._V1_SX300.jpg"}, "Dune": {"Rating": 8.0, "Year": 2021, "Poster": "https://m.media-amazon.com/images/M/MV5BN2FjNmEyNWMtYzM0ZS00NjIyLTg5YzYtYThlMGVjNzE1OGViXkEyXkFqcGdeQXVyMTkxNjUyNQ@@._V1_SX300.jpg"}}